PublicationID,tracerx_id,days_post_surgery,chromosome,position,dao,ddp,daf,gene_name,exonic.func,is_tree_clone,DriverMut
CRUK0088,103134,100,17,7578527,0,916,0.0,TP53,nonsynonymous SNV,1.0,1.0
CRUK0088,103114,261,17,7578527,1,691,0.001447178,TP53,nonsynonymous SNV,1.0,1.0
CRUK0088,103063,534,17,7578527,48,1913,0.0250914794,TP53,nonsynonymous SNV,1.0,1.0
CRUK0088,103023,604,17,7578527,16,746,0.0214477212,TP53,nonsynonymous SNV,1.0,1.0
CRUK0001,109275,91,15,41961225,0,2533,0.0,MGA,stopgain SNV,1.0,1.0
CRUK0001,109275,91,16,68772312,0,1702,0.0,CDH1,nonsynonymous SNV,1.0,1.0
CRUK0001,109275,91,1,51439886,0,1040,0.0,CDKN2C,nonsynonymous SNV,1.0,1.0
CRUK0001,109275,91,2,242078113,0,2113,0.0,PASK,nonsynonymous SNV,1.0,1.0
CRUK0001,109275,91,15,42019435,2,2386,0.000838223,MGA,nonsynonymous SNV,1.0,1.0
CRUK0001,109275,91,19,47440656,0,2506,0.0,ARHGAP35,stopgain SNV,1.0,1.0
CRUK0001,109275,91,8,31014903,0,2444,0.0,WRN,nonsynonymous SNV,0.0,1.0
CRUK0001,115904,280,15,41961225,1,2920,0.0003424658,MGA,stopgain SNV,1.0,1.0
CRUK0001,115904,280,16,68772312,0,1959,0.0,CDH1,nonsynonymous SNV,1.0,1.0
CRUK0001,115904,280,1,51439886,0,1321,0.0,CDKN2C,nonsynonymous SNV,1.0,1.0
CRUK0001,115904,280,2,242078113,0,2686,0.0,PASK,nonsynonymous SNV,1.0,1.0
CRUK0001,115904,280,15,42019435,0,3017,0.0,MGA,nonsynonymous SNV,1.0,1.0
CRUK0001,115904,280,19,47440656,0,3458,0.0,ARHGAP35,stopgain SNV,1.0,1.0
CRUK0001,115904,280,8,31014903,0,3262,0.0,WRN,nonsynonymous SNV,0.0,1.0
CRUK0001,107445,0,15,41961225,1,2220,0.0004504505,MGA,stopgain SNV,1.0,1.0
CRUK0001,107445,0,16,68772312,0,1596,0.0,CDH1,nonsynonymous SNV,1.0,1.0
CRUK0001,107445,0,1,51439886,0,1055,0.0,CDKN2C,nonsynonymous SNV,1.0,1.0
CRUK0001,107445,0,2,242078113,0,2111,0.0,PASK,nonsynonymous SNV,1.0,1.0
CRUK0001,107445,0,15,42019435,0,2334,0.0,MGA,nonsynonymous SNV,1.0,1.0
CRUK0001,107445,0,19,47440656,0,2497,0.0,ARHGAP35,stopgain SNV,1.0,1.0
CRUK0001,107445,0,8,31014903,1,2458,0.0004068348,WRN,nonsynonymous SNV,0.0,1.0
CRUK0001,109076,184,15,41961225,0,3232,0.0,MGA,stopgain SNV,1.0,1.0
CRUK0001,109076,184,16,68772312,0,2131,0.0,CDH1,nonsynonymous SNV,1.0,1.0
CRUK0001,109076,184,1,51439886,0,1458,0.0,CDKN2C,nonsynonymous SNV,1.0,1.0
CRUK0001,109076,184,2,242078113,0,2825,0.0,PASK,nonsynonymous SNV,1.0,1.0
CRUK0001,109076,184,15,42019435,0,3114,0.0,MGA,nonsynonymous SNV,1.0,1.0
CRUK0001,109076,184,19,47440656,0,3663,0.0,ARHGAP35,stopgain SNV,1.0,1.0
CRUK0001,109076,184,8,31014903,0,3486,0.0,WRN,nonsynonymous SNV,0.0,1.0
CRUK0001,107439,2,15,41961225,1,5529,0.0001808645,MGA,stopgain SNV,1.0,1.0
CRUK0001,107439,2,16,68772312,0,2475,0.0,CDH1,nonsynonymous SNV,1.0,1.0
CRUK0001,107439,2,1,51439886,1,2331,0.0004290004,CDKN2C,nonsynonymous SNV,1.0,1.0
CRUK0001,107439,2,2,242078113,0,3419,0.0,PASK,nonsynonymous SNV,1.0,1.0
CRUK0001,107439,2,15,42019435,0,3740,0.0,MGA,nonsynonymous SNV,1.0,1.0
CRUK0001,107439,2,19,47440656,0,6178,0.0,ARHGAP35,stopgain SNV,1.0,1.0
CRUK0001,107439,2,8,31014903,0,5258,0.0,WRN,nonsynonymous SNV,0.0,1.0
CRUK0075,144166,1472,15,42028634,0,1798,0.0,MGA,nonsynonymous SNV,1.0,1.0
CRUK0075,144166,1472,17,7578525,0,1230,0.0,TP53,nonsynonymous SNV,1.0,1.0
CRUK0075,144166,1472,2,25966523,0,1915,0.0,ASXL2,nonsynonymous SNV,1.0,1.0
CRUK0075,144166,1472,4,187630700,0,1507,0.0,FAT1,stopgain SNV,1.0,1.0
CRUK0075,144166,1472,5,86675622,0,1772,0.0,RASA1,stopgain SNV,1.0,1.0
CRUK0075,144166,1472,9,139413126,1,1302,0.0007680492,NOTCH1,nonsynonymous SNV,1.0,1.0
CRUK0075,144166,1472,2,178098810,0,1392,0.0,NFE2L2,nonsynonymous SNV,1.0,1.0
CRUK0075,144166,1472,13,103519141,0,1267,0.0,ERCC5,nonsynonymous SNV,0.0,1.0
CRUK0075,144166,1472,3,178936094,0,14,0.0,PIK3CA,nonsynonymous SNV,0.0,1.0
CRUK0075,108026,188,15,42028634,0,3749,0.0,MGA,nonsynonymous SNV,1.0,1.0
CRUK0075,108026,188,17,7578525,0,2743,0.0,TP53,nonsynonymous SNV,1.0,1.0
CRUK0075,108026,188,2,25966523,0,4431,0.0,ASXL2,nonsynonymous SNV,1.0,1.0
CRUK0075,108026,188,4,187630700,0,2902,0.0,FAT1,stopgain SNV,1.0,1.0
CRUK0075,108026,188,5,86675622,0,3573,0.0,RASA1,stopgain SNV,1.0,1.0
CRUK0075,108026,188,9,139413126,0,3098,0.0,NOTCH1,nonsynonymous SNV,1.0,1.0
CRUK0075,108026,188,2,178098810,0,2705,0.0,NFE2L2,nonsynonymous SNV,1.0,1.0
CRUK0075,108026,188,13,103519141,0,2845,0.0,ERCC5,nonsynonymous SNV,0.0,1.0
CRUK0075,108026,188,3,178936094,0,57,0.0,PIK3CA,nonsynonymous SNV,0.0,1.0
CRUK0075,101733,0,15,42028634,0,4600,0.0,MGA,nonsynonymous SNV,1.0,1.0
CRUK0075,101733,0,17,7578525,0,3150,0.0,TP53,nonsynonymous SNV,1.0,1.0
CRUK0075,101733,0,2,25966523,3,5543,0.0005412232,ASXL2,nonsynonymous SNV,1.0,1.0
CRUK0075,101733,0,4,187630700,1,3710,0.0002695418,FAT1,stopgain SNV,1.0,1.0
CRUK0075,101733,0,5,86675622,0,4255,0.0,RASA1,stopgain SNV,1.0,1.0
CRUK0075,101733,0,9,139413126,1,3478,0.0002875216,NOTCH1,nonsynonymous SNV,1.0,1.0
CRUK0075,101733,0,2,178098810,1,3383,0.0002955956,NFE2L2,nonsynonymous SNV,1.0,1.0
CRUK0075,101733,0,13,103519141,0,3271,0.0,ERCC5,nonsynonymous SNV,0.0,1.0
CRUK0075,101733,0,3,178936094,0,20,0.0,PIK3CA,nonsynonymous SNV,0.0,1.0
CRUK0075,101879,97,15,42028634,0,2674,0.0,MGA,nonsynonymous SNV,1.0,1.0
CRUK0075,101879,97,17,7578525,0,1812,0.0,TP53,nonsynonymous SNV,1.0,1.0
CRUK0075,101879,97,2,25966523,0,3027,0.0,ASXL2,nonsynonymous SNV,1.0,1.0
CRUK0075,101879,97,4,187630700,0,2034,0.0,FAT1,stopgain SNV,1.0,1.0
CRUK0075,101879,97,5,86675622,0,2388,0.0,RASA1,stopgain SNV,1.0,1.0
CRUK0075,101879,97,9,139413126,0,2082,0.0,NOTCH1,nonsynonymous SNV,1.0,1.0
CRUK0075,101879,97,2,178098810,0,1944,0.0,NFE2L2,nonsynonymous SNV,1.0,1.0
CRUK0075,101879,97,13,103519141,0,1871,0.0,ERCC5,nonsynonymous SNV,0.0,1.0
CRUK0075,101879,97,3,178936094,0,53,0.0,PIK3CA,nonsynonymous SNV,0.0,1.0
CRUK0088,104993,0,17,7578527,5,5096,0.0009811617,TP53,nonsynonymous SNV,1.0,1.0
CRUK0075,101735,2,15,42028634,1,6777,0.0001475579,MGA,nonsynonymous SNV,1.0,1.0
CRUK0075,101735,2,17,7578525,0,4070,0.0,TP53,nonsynonymous SNV,1.0,1.0
CRUK0075,101735,2,2,25966523,0,8107,0.0,ASXL2,nonsynonymous SNV,1.0,1.0
CRUK0075,101735,2,4,187630700,0,5264,0.0,FAT1,stopgain SNV,1.0,1.0
CRUK0075,101735,2,5,86675622,0,5824,0.0,RASA1,stopgain SNV,1.0,1.0
CRUK0075,101735,2,9,139413126,1,5013,0.0001994813,NOTCH1,nonsynonymous SNV,1.0,1.0
CRUK0075,101735,2,2,178098810,0,4883,0.0,NFE2L2,nonsynonymous SNV,1.0,1.0
CRUK0075,101735,2,13,103519141,0,4988,0.0,ERCC5,nonsynonymous SNV,0.0,1.0
CRUK0075,101735,2,3,178936094,0,4,0.0,PIK3CA,nonsynonymous SNV,0.0,1.0
