SampleID,Chromosome,Position,Ref,Mut,Hugo_Symbol,RefVAF,MutVAF,DOR,MutDOR,DateSample,Baseline_longitudinal
CRUK0044,8,133923686,G,T,TG,0.999648104,1.47e-05,68202.0,1.0,2015-02-27,Longitudinal
CRUK0044,11,118925219,T,A,HYOU1,0.999548533,6.45e-05,46515.0,3.0,2015-02-27,Longitudinal
CRUK0044,5,150922074,G,C,FAT2,0.999655522,0.0,52253.0,0.0,2015-02-27,Longitudinal
CRUK0044,1,19480386,T,A,UBR4,0.999767973,5.35e-05,56028.0,3.0,2015-02-27,Longitudinal
CRUK0044,15,50288919,T,A,ATP8B4,0.999763585,0.000109115,54988.0,6.0,2015-02-27,Longitudinal
CRUK0044,7,150490198,C,A,TMEM176B,0.999731129,2.24e-05,44631.0,1.0,2015-02-27,Longitudinal
CRUK0044,12,96437132,A,C,LTA4H,0.999791192,0.0,47891.0,0.0,2015-02-27,Longitudinal
CRUK0044,11,83544685,T,A,DLG2,0.999869029,1.64e-05,61082.0,1.0,2015-02-27,Longitudinal
CRUK0044,4,31144238,C,A,PCDH7,0.999633205,1.93e-05,51800.0,1.0,2015-02-27,Longitudinal
CRUK0044,2,202545751,C,G,MPP4,0.999711899,0.0,24297.0,0.0,2015-02-27,Longitudinal
CRUK0044,5,71756627,C,G,ZNF366,0.999867033,0.0,22562.0,0.0,2015-02-27,Longitudinal
CRUK0044,1,158435860,C,G,OR10K1,0.999757982,0.0,53715.0,0.0,2015-02-27,Longitudinal
CRUK0044,5,150723106,G,T,SLC36A2,0.999441909,0.0,50171.0,0.0,2015-02-27,Longitudinal
CRUK0044,8,10623135,C,G,PINX1,0.999648735,0.0,19928.0,0.0,2015-02-27,Longitudinal
CRUK0044,11,5969447,C,A,OR56A3,0.999591719,0.0,58783.0,0.0,2015-02-27,Longitudinal
CRUK0044,12,93100715,G,T,C12orf74,0.999755761,0.0,57321.0,0.0,2015-02-27,Longitudinal
CRUK0044,15,65759434,T,G,DPP8,0.999799035,0.0,54736.0,0.0,2015-02-27,Longitudinal
CRUK0044,8,2975974,G,T,CSMD1,0.99955774,0.0,61050.0,0.0,2015-02-27,Longitudinal
CRUK0044,11,4661941,G,T,OR51D1,0.999681801,0.0,50283.0,0.0,2015-02-27,Longitudinal
CRUK0044,6,109762353,G,T,SMPD2,0.999610895,0.0,10280.0,0.0,2015-02-27,Longitudinal
CRUK0044,12,75728663,C,A,GLIPR1L1,0.999538182,2.72e-05,36811.0,1.0,2015-02-27,Longitudinal
CRUK0044,7,98256550,G,T,NPTX2,0.999742732,0.0,23322.0,0.0,2015-02-27,Longitudinal
CRUK0044,11,33731800,A,C,CD59,0.999698159,0.0,56321.0,0.0,2015-02-27,Longitudinal
CRUK0044,14,88477948,G,T,GPR65,0.999430078,8.91e-05,56148.0,5.0,2015-02-27,Longitudinal
CRUK0044,15,42981235,G,T,STARD9,0.999798906,2.01e-05,49728.0,1.0,2015-02-27,Longitudinal
CRUK0044,14,56103197,G,T,KTN1,0.999593991,3.53e-05,56649.0,2.0,2015-02-27,Longitudinal
CRUK0044,5,96071930,A,T,CAST,0.999767663,0.0,47345.0,0.0,2015-02-27,Longitudinal
CRUK0044,14,38724919,G,T,CLEC14A,0.999789044,7.03e-05,14221.0,1.0,2015-02-27,Longitudinal
CRUK0044,8,133923686,G,T,TG,0.99904579,0.000620236,83839.0,52.0,2015-05-21,Longitudinal
CRUK0044,11,118925219,T,A,HYOU1,0.999187891,0.000328299,57874.0,19.0,2015-05-21,Longitudinal
CRUK0044,5,150922074,G,C,FAT2,0.999492425,0.000246097,65015.0,16.0,2015-05-21,Longitudinal
CRUK0044,1,19480386,T,A,UBR4,0.999260505,0.000536496,68966.0,37.0,2015-05-21,Longitudinal
CRUK0044,15,50288919,T,A,ATP8B4,0.999257272,0.000591151,65973.0,39.0,2015-05-21,Longitudinal
CRUK0044,7,150490198,C,A,TMEM176B,0.999608731,0.000247117,48560.0,12.0,2015-05-21,Longitudinal
CRUK0044,12,96437132,A,C,LTA4H,0.999116904,0.000635829,56619.0,36.0,2015-05-21,Longitudinal
CRUK0044,11,83544685,T,A,DLG2,0.999157202,0.000628754,74751.0,47.0,2015-05-21,Longitudinal
CRUK0044,4,31144238,C,A,PCDH7,0.998800088,0.000726707,59171.0,43.0,2015-05-21,Longitudinal
CRUK0044,2,202545751,C,G,MPP4,0.999526844,0.0,31702.0,0.0,2015-05-21,Longitudinal
CRUK0044,5,71756627,C,G,ZNF366,0.999613221,0.00021097,28440.0,6.0,2015-05-21,Longitudinal
CRUK0044,1,158435860,C,G,OR10K1,0.998863435,0.000621559,56310.0,35.0,2015-05-21,Longitudinal
CRUK0044,5,150723106,G,T,SLC36A2,0.999410457,0.000235817,59368.0,14.0,2015-05-21,Longitudinal
CRUK0044,8,10623135,C,G,PINX1,0.998744752,0.000605982,23103.0,14.0,2015-05-21,Longitudinal
CRUK0044,11,5969447,C,A,OR56A3,0.999243646,0.000470937,70073.0,33.0,2015-05-21,Longitudinal
CRUK0044,12,93100715,G,T,C12orf74,0.999255366,0.000481822,68490.0,33.0,2015-05-21,Longitudinal
CRUK0044,15,65759434,T,G,DPP8,0.999506166,0.000188819,68849.0,13.0,2015-05-21,Longitudinal
CRUK0044,8,2975974,G,T,CSMD1,0.999384096,0.000348119,74687.0,26.0,2015-05-21,Longitudinal
CRUK0044,11,4661941,G,T,OR51D1,0.999299891,0.000455885,61419.0,28.0,2015-05-21,Longitudinal
CRUK0044,6,109762353,G,T,SMPD2,0.99759701,0.001690993,11236.0,19.0,2015-05-21,Longitudinal
CRUK0044,12,75728663,C,A,GLIPR1L1,0.99869841,0.001064938,42256.0,45.0,2015-05-21,Longitudinal
CRUK0044,7,98256550,G,T,NPTX2,0.999249705,0.000607381,27989.0,17.0,2015-05-21,Longitudinal
CRUK0044,11,33731800,A,C,CD59,0.999550616,0.000269631,66758.0,18.0,2015-05-21,Longitudinal
CRUK0044,14,88477948,G,T,GPR65,0.998087954,0.001600783,67467.0,108.0,2015-05-21,Longitudinal
CRUK0044,15,42981235,G,T,STARD9,0.999259658,0.000420649,59432.0,25.0,2015-05-21,Longitudinal
CRUK0044,14,56103197,G,T,KTN1,0.999458695,0.000315761,66506.0,21.0,2015-05-21,Longitudinal
CRUK0044,5,96071930,A,T,CAST,0.999754799,0.000210172,57096.0,12.0,2015-05-21,Longitudinal
CRUK0044,14,38724919,G,T,CLEC14A,0.998624813,0.001016442,16725.0,17.0,2015-05-21,Longitudinal
CRUK0044,8,133923686,G,T,TG,0.998383686,0.001360398,74243.0,101.0,2015-08-14,Longitudinal
CRUK0044,11,118925219,T,A,HYOU1,0.999284863,0.000433416,46145.0,20.0,2015-08-14,Longitudinal
CRUK0044,5,150922074,G,C,FAT2,0.999368368,0.00021656,55412.0,12.0,2015-08-14,Longitudinal
CRUK0044,1,19480386,T,A,UBR4,0.998884626,0.000980177,59173.0,58.0,2015-08-14,Longitudinal
CRUK0044,15,50288919,T,A,ATP8B4,0.999260537,0.000616219,56798.0,35.0,2015-08-14,Longitudinal
CRUK0044,7,150490198,C,A,TMEM176B,0.999054583,0.000559532,51829.0,29.0,2015-08-14,Longitudinal
CRUK0044,12,96437132,A,C,LTA4H,0.998991851,0.000735109,47612.0,35.0,2015-08-14,Longitudinal
CRUK0044,11,83544685,T,A,DLG2,0.999025406,0.000858965,60538.0,52.0,2015-08-14,Longitudinal
CRUK0044,4,31144238,C,A,PCDH7,0.998967475,0.000702117,48425.0,34.0,2015-08-14,Longitudinal
CRUK0044,2,202545751,C,G,MPP4,0.999484365,3.68e-05,27151.0,1.0,2015-08-14,Longitudinal
CRUK0044,5,71756627,C,G,ZNF366,0.998626425,0.000965215,26937.0,26.0,2015-08-14,Longitudinal
CRUK0044,1,158435860,C,G,OR10K1,0.999212613,0.000439472,54611.0,24.0,2015-08-14,Longitudinal
CRUK0044,5,150723106,G,T,SLC36A2,0.999320468,0.000291228,51506.0,15.0,2015-08-14,Longitudinal
CRUK0044,8,10623135,C,G,PINX1,0.99809904,0.00095048,21042.0,20.0,2015-08-14,Longitudinal
CRUK0044,11,5969447,C,A,OR56A3,0.9992684,0.00029264,61509.0,18.0,2015-08-14,Longitudinal
CRUK0044,12,93100715,G,T,C12orf74,0.999263912,0.000507083,61134.0,31.0,2015-08-14,Longitudinal
CRUK0044,15,65759434,T,G,DPP8,0.999197418,0.000645555,57315.0,37.0,2015-08-14,Longitudinal
CRUK0044,8,2975974,G,T,CSMD1,0.999404255,0.000357447,58750.0,21.0,2015-08-14,Longitudinal
CRUK0044,11,4661941,G,T,OR51D1,0.999528702,0.000301631,53045.0,16.0,2015-08-14,Longitudinal
CRUK0044,6,109762353,G,T,SMPD2,0.998538622,0.001043841,9580.0,10.0,2015-08-14,Longitudinal
CRUK0044,12,75728663,C,A,GLIPR1L1,0.998731863,0.000973222,33908.0,33.0,2015-08-14,Longitudinal
CRUK0044,7,98256550,G,T,NPTX2,0.998868736,0.000754176,26519.0,20.0,2015-08-14,Longitudinal
CRUK0044,11,33731800,A,C,CD59,0.999253506,0.000622078,56263.0,35.0,2015-08-14,Longitudinal
CRUK0044,14,88477948,G,T,GPR65,0.998596073,0.00115824,56983.0,66.0,2015-08-14,Longitudinal
CRUK0044,15,42981235,G,T,STARD9,0.999225064,0.00042437,54198.0,23.0,2015-08-14,Longitudinal
CRUK0044,14,56103197,G,T,KTN1,0.998560155,0.001221135,54867.0,67.0,2015-08-14,Longitudinal
CRUK0044,5,96071930,A,T,CAST,0.999681297,0.000204881,43928.0,9.0,2015-08-14,Longitudinal
CRUK0044,14,38724919,G,T,CLEC14A,0.999208348,0.000359842,13895.0,5.0,2015-08-14,Longitudinal
CRUK0044,8,133923686,G,T,TG,0.99963444,0.0,51975.0,0.0,2014-11-30,Longitudinal
CRUK0044,11,118925219,T,A,HYOU1,0.999519652,0.000113023,35391.0,4.0,2014-11-30,Longitudinal
CRUK0044,5,150922074,G,C,FAT2,0.999594939,4.77e-05,41969.0,2.0,2014-11-30,Longitudinal
CRUK0044,1,19480386,T,A,UBR4,0.999737113,2.39e-05,41843.0,1.0,2014-11-30,Longitudinal
CRUK0044,15,50288919,T,A,ATP8B4,0.999902489,2.44e-05,41021.0,1.0,2014-11-30,Longitudinal
CRUK0044,7,150490198,C,A,TMEM176B,0.999724779,3.06e-05,32701.0,1.0,2014-11-30,Longitudinal
CRUK0044,12,96437132,A,C,LTA4H,0.999643893,0.0,39314.0,0.0,2014-11-30,Longitudinal
CRUK0044,11,83544685,T,A,DLG2,0.999934933,0.0,46106.0,0.0,2014-11-30,Longitudinal
CRUK0044,4,31144238,C,A,PCDH7,0.999616015,0.0,39064.0,0.0,2014-11-30,Longitudinal
CRUK0044,2,202545751,C,G,MPP4,0.999944308,0.0,17956.0,0.0,2014-11-30,Longitudinal
CRUK0044,5,71756627,C,G,ZNF366,0.999601594,9.96e-05,20080.0,2.0,2014-11-30,Longitudinal
CRUK0044,1,158435860,C,G,OR10K1,0.999556158,0.0,40555.0,0.0,2014-11-30,Longitudinal
CRUK0044,5,150723106,G,T,SLC36A2,0.999668587,0.0,39226.0,0.0,2014-11-30,Longitudinal
CRUK0044,8,10623135,C,G,PINX1,0.999538266,5.77e-05,17326.0,1.0,2014-11-30,Longitudinal
CRUK0044,11,5969447,C,A,OR56A3,0.999719986,0.0,42855.0,0.0,2014-11-30,Longitudinal
CRUK0044,12,93100715,G,T,C12orf74,0.999385163,4.24e-05,47167.0,2.0,2014-11-30,Longitudinal
CRUK0044,15,65759434,T,G,DPP8,0.999666301,0.0,41954.0,0.0,2014-11-30,Longitudinal
CRUK0044,8,2975974,G,T,CSMD1,0.999867952,0.0,45438.0,0.0,2014-11-30,Longitudinal
CRUK0044,11,4661941,G,T,OR51D1,0.999555127,0.0,40461.0,0.0,2014-11-30,Longitudinal
CRUK0044,6,109762353,G,T,SMPD2,0.999149246,0.0,8228.0,0.0,2014-11-30,Longitudinal
CRUK0044,12,75728663,C,A,GLIPR1L1,0.999359903,0.000134757,29683.0,4.0,2014-11-30,Longitudinal
CRUK0044,7,98256550,G,T,NPTX2,0.999537626,0.0,17302.0,0.0,2014-11-30,Longitudinal
CRUK0044,11,33731800,A,C,CD59,0.999832716,0.0,41845.0,0.0,2014-11-30,Longitudinal
CRUK0044,14,88477948,G,T,GPR65,0.999545911,2.39e-05,41842.0,1.0,2014-11-30,Longitudinal
CRUK0044,15,42981235,G,T,STARD9,0.999690331,2.58e-05,38751.0,1.0,2014-11-30,Longitudinal
CRUK0044,14,56103197,G,T,KTN1,0.999645021,2.54e-05,39439.0,1.0,2014-11-30,Longitudinal
CRUK0044,5,96071930,A,T,CAST,0.999718238,0.0,35491.0,0.0,2014-11-30,Longitudinal
CRUK0044,14,38724919,G,T,CLEC14A,0.999500707,0.0,12017.0,0.0,2014-11-30,Longitudinal
CRUK0044,8,133923686,G,T,TG,0.999773465,7.55e-06,132430.0,1.0,2014-11-28,Baseline
CRUK0044,11,118925219,T,A,HYOU1,0.999622325,3.15e-05,95320.0,3.0,2014-11-28,Baseline
CRUK0044,5,150922074,G,C,FAT2,0.99963286,0.0,100779.0,0.0,2014-11-28,Baseline
CRUK0044,1,19480386,T,A,UBR4,0.999722957,2.68e-05,111896.0,3.0,2014-11-28,Baseline
CRUK0044,15,50288919,T,A,ATP8B4,0.99983051,3.57e-05,112101.0,4.0,2014-11-28,Baseline
CRUK0044,7,150490198,C,A,TMEM176B,0.999698953,0.0,76400.0,0.0,2014-11-28,Baseline
CRUK0044,12,96437132,A,C,LTA4H,0.999837336,0.0,98362.0,0.0,2014-11-28,Baseline
CRUK0044,11,83544685,T,A,DLG2,0.999770352,3.17e-05,126280.0,4.0,2014-11-28,Baseline
CRUK0044,4,31144238,C,A,PCDH7,0.999585322,2.02e-05,98872.0,2.0,2014-11-28,Baseline
CRUK0044,2,202545751,C,G,MPP4,0.999744643,0.0,46993.0,0.0,2014-11-28,Baseline
CRUK0044,5,71756627,C,G,ZNF366,0.999783873,0.0,46269.0,0.0,2014-11-28,Baseline
CRUK0044,1,158435860,C,G,OR10K1,0.999639569,1.95e-05,102655.0,2.0,2014-11-28,Baseline
CRUK0044,5,150723106,G,T,SLC36A2,0.999678103,4.15e-05,96304.0,4.0,2014-11-28,Baseline
CRUK0044,8,10623135,C,G,PINX1,0.999799785,0.0,39957.0,0.0,2014-11-28,Baseline
CRUK0044,11,5969447,C,A,OR56A3,0.999738085,4.22e-05,118359.0,5.0,2014-11-28,Baseline
CRUK0044,12,93100715,G,T,C12orf74,0.999705544,1.9e-05,105279.0,2.0,2014-11-28,Baseline
CRUK0044,15,65759434,T,G,DPP8,0.999852491,8.68e-06,115247.0,1.0,2014-11-28,Baseline
CRUK0044,8,2975974,G,T,CSMD1,0.999694121,4.02e-05,124232.0,5.0,2014-11-28,Baseline
CRUK0044,11,4661941,G,T,OR51D1,0.999740775,2.99e-05,100299.0,3.0,2014-11-28,Baseline
CRUK0044,6,109762353,G,T,SMPD2,0.999613396,4.83e-05,20693.0,1.0,2014-11-28,Baseline
CRUK0044,12,75728663,C,A,GLIPR1L1,0.999480029,4.11e-05,73081.0,3.0,2014-11-28,Baseline
CRUK0044,7,98256550,G,T,NPTX2,0.999596385,4.48e-05,44597.0,2.0,2014-11-28,Baseline
CRUK0044,11,33731800,A,C,CD59,0.999677446,0.0,108509.0,0.0,2014-11-28,Baseline
CRUK0044,14,88477948,G,T,GPR65,0.999721425,2.53e-05,118460.0,3.0,2014-11-28,Baseline
CRUK0044,15,42981235,G,T,STARD9,0.99958696,6.88e-05,101685.0,7.0,2014-11-28,Baseline
CRUK0044,14,56103197,G,T,KTN1,0.999545576,2.67e-05,112230.0,3.0,2014-11-28,Baseline
CRUK0044,5,96071930,A,T,CAST,0.999959818,0.0,99548.0,0.0,2014-11-28,Baseline
CRUK0044,14,38724919,G,T,CLEC14A,0.999686848,0.0,28740.0,0.0,2014-11-28,Baseline
